{
    "params": {
        "n_layers": 3,
        "n_units": 118,
        "init": 1.5111001555904633,
        "lr": 0.009887282027601526
    },
    "best_value": 0.1915478331591043,
    "n_output": 39
}