{
    "params": {
        "n_layers": 3,
        "n_units": 231,
        "init": 1.6587801108008149,
        "lr": 0.007895247818392579
    },
    "best_value": 0.5053878921143552,
    "n_output": 39
}