{
    "params": {
        "n_layers": 3,
        "n_units": 205,
        "init": 1.9643743247744159,
        "lr": 0.009973144252204963
    },
    "best_value": 0.5054640205616646,
    "n_output": 39
}