{
    "params": {
        "n_layers": 3,
        "n_units": 144,
        "init": 1.6490013449547583,
        "lr": 0.007813486098966456
    },
    "best_value": 0.5092889281663304,
    "n_output": 39
}